[
  { "name": "Ranchi", "state": "Jharkhand" },
  { "name": "Hazaribagh", "state": "Jharkhand" },
  { "name": "Dhanbad", "state": "Jharkhand" },
  { "name": "Patna", "state": "Bihar" },
  { "name": "Gaya", "state": "Bihar" },
  { "name": "Muzaffarpur", "state": "Bihar" },
  { "name": "Chandigarh", "state": "Punjab" },
  { "name": "Amritsar", "state": "Punjab" },
  { "name": "Ludhiana", "state": "Punjab" },
  { "name": "Delhi", "state": "Delhi" },
  { "name": "Mumbai", "state": "Maharashtra" },
  { "name": "Pune", "state": "Maharashtra" },
  { "name": "Nagpur", "state": "Maharashtra" },
  { "name": "Bengaluru", "state": "Karnataka" },
  { "name": "Mysuru", "state": "Karnataka" },
  { "name": "Chennai", "state": "Tamil Nadu" },
  { "name": "Coimbatore", "state": "Tamil Nadu" },
  { "name": "Kolkata", "state": "West Bengal" },
  { "name": "Howrah", "state": "West Bengal" },
  { "name": "Lucknow", "state": "Uttar Pradesh" },
  { "name": "Kanpur", "state": "Uttar Pradesh" },
  { "name": "Varanasi", "state": "Uttar Pradesh" }
]
